<?xml version="1.0" encoding="UTF-8" ?>
<!DOCTYPE mapper PUBLIC "-//mybatis.org//DTD Mapper 3.0//EN" "http://mybatis.org/dtd/mybatis-3-mapper.dtd" >
<mapper namespace="com.zks.dao.BeanDepartmentMapper" >
  <resultMap id="BaseResultMap" type="com.zks.model.BeanDepartment" >
    <id column="departmentId" property="departmentid" jdbcType="INTEGER" />
    <result column="departmentName" property="departmentname" jdbcType="VARCHAR" />
    <result column="departmentLeader" property="departmentleader" jdbcType="VARCHAR" />
    <result column="associationsId" property="associationsid" jdbcType="INTEGER" />
  </resultMap>
  <sql id="Base_Column_List" >
    departmentId, departmentName, departmentLeader, associationsId
  </sql>
  <select id="selectByPrimaryKey" resultMap="BaseResultMap" parameterType="java.lang.Integer" >
    select 
    <include refid="Base_Column_List" />
    from department
    where departmentId = #{departmentid,jdbcType=INTEGER}
  </select>
  <select id="selectDepartmentByName" resultMap="BaseResultMap" parameterType="java.lang.String" >
    select
    <include refid="Base_Column_List" />
    from department
    where departmentName = #{departmentName,jdbcType=VARCHAR}
  </select>
  <delete id="deleteByPrimaryKey" parameterType="java.lang.Integer" >
    delete from department
    where departmentId = #{departmentid,jdbcType=INTEGER}
  </delete>
  <insert id="insert" parameterType="com.zks.model.BeanDepartment" >
    insert into department (departmentId, departmentName, departmentLeader, 
      associationsId)
    values (#{departmentid,jdbcType=INTEGER}, #{departmentname,jdbcType=VARCHAR}, #{departmentleader,jdbcType=VARCHAR}, 
      #{associationsid,jdbcType=INTEGER})
  </insert>
  <insert id="insertSelective" parameterType="com.zks.model.BeanDepartment" >
    insert into department
    <trim prefix="(" suffix=")" suffixOverrides="," >
      <if test="departmentid != null" >
        departmentId,
      </if>
      <if test="departmentname != null" >
        departmentName,
      </if>
      <if test="departmentleader != null" >
        departmentLeader,
      </if>
      <if test="associationsid != null" >
        associationsId,
      </if>
    </trim>
    <trim prefix="values (" suffix=")" suffixOverrides="," >
      <if test="departmentid != null" >
        #{departmentid,jdbcType=INTEGER},
      </if>
      <if test="departmentname != null" >
        #{departmentname,jdbcType=VARCHAR},
      </if>
      <if test="departmentleader != null" >
        #{departmentleader,jdbcType=VARCHAR},
      </if>
      <if test="associationsid != null" >
        #{associationsid,jdbcType=INTEGER},
      </if>
    </trim>
  </insert>
  <update id="updateByPrimaryKeySelective" parameterType="com.zks.model.BeanDepartment" >
    update department
    <set >
      <if test="departmentname != null" >
        departmentName = #{departmentname,jdbcType=VARCHAR},
      </if>
      <if test="departmentleader != null" >
        departmentLeader = #{departmentleader,jdbcType=VARCHAR},
      </if>
      <if test="associationsid != null" >
        associationsId = #{associationsid,jdbcType=INTEGER},
      </if>
    </set>
    where departmentId = #{departmentid,jdbcType=INTEGER}
  </update>
  <update id="updateByPrimaryKey" parameterType="com.zks.model.BeanDepartment" >
    update department
    set departmentName = #{departmentname,jdbcType=VARCHAR},
      departmentLeader = #{departmentleader,jdbcType=VARCHAR},
      associationsId = #{associationsid,jdbcType=INTEGER}
    where departmentId = #{departmentid,jdbcType=INTEGER}
  </update>
</mapper>