<?xml version="1.0" encoding="UTF-8" ?>
<!DOCTYPE mapper PUBLIC "-//mybatis.org//DTD Mapper 3.0//EN" "http://mybatis.org/dtd/mybatis-3-mapper.dtd" >
<mapper namespace="com.zks.dao.BeanActivitySignMapper" >
  <resultMap id="BaseResultMap" type="com.zks.model.BeanActivitySign" >
    <id column="activitySignId" property="activitysignid" jdbcType="INTEGER" />
    <result column="studentSignTime" property="studentsigntime" jdbcType="TIMESTAMP" />
    <result column="userId" property="userid" jdbcType="VARCHAR" />
    <result column="associationsId" property="associationsid" jdbcType="INTEGER" />
  </resultMap>
  <sql id="Base_Column_List" >
    activitySignId, studentSignTime, userId, associationsId
  </sql>
  <select id="selectByPrimaryKey" resultMap="BaseResultMap" parameterType="java.lang.Integer" >
    select 
    <include refid="Base_Column_List" />
    from activitySign
    where activitySignId = #{activitysignid,jdbcType=INTEGER}
  </select>
  <delete id="deleteByPrimaryKey" parameterType="java.lang.Integer" >
    delete from activitySign
    where activitySignId = #{activitysignid,jdbcType=INTEGER}
  </delete>
  <insert id="insert" parameterType="com.zks.model.BeanActivitySign" >
    insert into activitySign (activitySignId, studentSignTime, 
      userId, associationsId)
    values (#{activitysignid,jdbcType=INTEGER}, #{studentsigntime,jdbcType=TIMESTAMP}, 
      #{userid,jdbcType=VARCHAR}, #{associationsid,jdbcType=INTEGER})
  </insert>
  <insert id="insertSelective" parameterType="com.zks.model.BeanActivitySign" >
    insert into activitySign
    <trim prefix="(" suffix=")" suffixOverrides="," >
      <if test="activitysignid != null" >
        activitySignId,
      </if>
      <if test="studentsigntime != null" >
        studentSignTime,
      </if>
      <if test="userid != null" >
        userId,
      </if>
      <if test="associationsid != null" >
        associationsId,
      </if>
    </trim>
    <trim prefix="values (" suffix=")" suffixOverrides="," >
      <if test="activitysignid != null" >
        #{activitysignid,jdbcType=INTEGER},
      </if>
      <if test="studentsigntime != null" >
        #{studentsigntime,jdbcType=TIMESTAMP},
      </if>
      <if test="userid != null" >
        #{userid,jdbcType=VARCHAR},
      </if>
      <if test="associationsid != null" >
        #{associationsid,jdbcType=INTEGER},
      </if>
    </trim>
  </insert>
  <update id="updateByPrimaryKeySelective" parameterType="com.zks.model.BeanActivitySign" >
    update activitySign
    <set >
      <if test="studentsigntime != null" >
        studentSignTime = #{studentsigntime,jdbcType=TIMESTAMP},
      </if>
      <if test="userid != null" >
        userId = #{userid,jdbcType=VARCHAR},
      </if>
      <if test="associationsid != null" >
        associationsId = #{associationsid,jdbcType=INTEGER},
      </if>
    </set>
    where activitySignId = #{activitysignid,jdbcType=INTEGER}
  </update>
  <update id="updateByPrimaryKey" parameterType="com.zks.model.BeanActivitySign" >
    update activitySign
    set studentSignTime = #{studentsigntime,jdbcType=TIMESTAMP},
      userId = #{userid,jdbcType=VARCHAR},
      associationsId = #{associationsid,jdbcType=INTEGER}
    where activitySignId = #{activitysignid,jdbcType=INTEGER}
  </update>
</mapper>