<?xml version="1.0" encoding="UTF-8" ?>
<!DOCTYPE mapper PUBLIC "-//mybatis.org//DTD Mapper 3.0//EN" "http://mybatis.org/dtd/mybatis-3-mapper.dtd" >
<mapper namespace="com.zks.dao.BeanLogMapper" >
  <resultMap id="BaseResultMap" type="com.zks.model.BeanLog" >
    <id column="logId" property="logid" jdbcType="INTEGER" />
    <result column="logName" property="logname" jdbcType="VARCHAR" />
    <result column="userId" property="userid" jdbcType="VARCHAR" />
  </resultMap>
  <sql id="Base_Column_List" >
    logId, logName, userId
  </sql>
  <select id="selectByPrimaryKey" resultMap="BaseResultMap" parameterType="java.lang.Integer" >
    select 
    <include refid="Base_Column_List" />
    from log
    where logId = #{logid,jdbcType=INTEGER}
  </select>
  <delete id="deleteByPrimaryKey" parameterType="java.lang.Integer" >
    delete from log
    where logId = #{logid,jdbcType=INTEGER}
  </delete>
  <insert id="insert" parameterType="com.zks.model.BeanLog" >
    insert into log (logId, logName, userId
      )
    values (#{logid,jdbcType=INTEGER}, #{logname,jdbcType=VARCHAR}, #{userid,jdbcType=VARCHAR}
      )
  </insert>
  <insert id="insertSelective" parameterType="com.zks.model.BeanLog" >
    insert into log
    <trim prefix="(" suffix=")" suffixOverrides="," >
      <if test="logid != null" >
        logId,
      </if>
      <if test="logname != null" >
        logName,
      </if>
      <if test="userid != null" >
        userId,
      </if>
    </trim>
    <trim prefix="values (" suffix=")" suffixOverrides="," >
      <if test="logid != null" >
        #{logid,jdbcType=INTEGER},
      </if>
      <if test="logname != null" >
        #{logname,jdbcType=VARCHAR},
      </if>
      <if test="userid != null" >
        #{userid,jdbcType=VARCHAR},
      </if>
    </trim>
  </insert>
  <update id="updateByPrimaryKeySelective" parameterType="com.zks.model.BeanLog" >
    update log
    <set >
      <if test="logname != null" >
        logName = #{logname,jdbcType=VARCHAR},
      </if>
      <if test="userid != null" >
        userId = #{userid,jdbcType=VARCHAR},
      </if>
    </set>
    where logId = #{logid,jdbcType=INTEGER}
  </update>
  <update id="updateByPrimaryKey" parameterType="com.zks.model.BeanLog" >
    update log
    set logName = #{logname,jdbcType=VARCHAR},
      userId = #{userid,jdbcType=VARCHAR}
    where logId = #{logid,jdbcType=INTEGER}
  </update>
</mapper>