<?xml version="1.0" encoding="UTF-8" ?>
<!DOCTYPE mapper PUBLIC "-//mybatis.org//DTD Mapper 3.0//EN" "http://mybatis.org/dtd/mybatis-3-mapper.dtd" >
<mapper namespace="com.zks.dao.BeanRecruitNoticeMapper" >
  <resultMap id="BaseResultMap" type="com.zks.model.BeanRecruitNotice" >
    <id column="recruitNoticeId" property="recruitnoticeid" jdbcType="INTEGER" />
    <result column="recruitNoticeContent" property="recruitnoticecontent" jdbcType="VARCHAR" />
    <result column="recruitNoticeStartTime" property="recruitnoticestarttime" jdbcType="TIMESTAMP" />
    <result column="recruitNoticeEndTime" property="recruitnoticeendtime" jdbcType="TIMESTAMP" />
    <result column="recruitNoticeReleaseTime" property="recruitnoticereleasetime" jdbcType="TIMESTAMP" />
    <result column="associationsId" property="associationsid" jdbcType="INTEGER" />
  </resultMap>
  <sql id="Base_Column_List" >
    recruitNoticeId, recruitNoticeContent, recruitNoticeStartTime, recruitNoticeEndTime, 
    recruitNoticeReleaseTime, associationsId
  </sql>
  <select id="selectByPrimaryKey" resultMap="BaseResultMap" parameterType="java.lang.Integer" >
    select 
    <include refid="Base_Column_List" />
    from recruitNotice
    where recruitNoticeId = #{recruitnoticeid,jdbcType=INTEGER}
  </select>
  <delete id="deleteByPrimaryKey" parameterType="java.lang.Integer" >
    delete from recruitNotice
    where recruitNoticeId = #{recruitnoticeid,jdbcType=INTEGER}
  </delete>
  <insert id="insert" parameterType="com.zks.model.BeanRecruitNotice" >
    insert into recruitNotice (recruitNoticeId, recruitNoticeContent, 
      recruitNoticeStartTime, recruitNoticeEndTime, 
      recruitNoticeReleaseTime, associationsId
      )
    values (#{recruitnoticeid,jdbcType=INTEGER}, #{recruitnoticecontent,jdbcType=VARCHAR}, 
      #{recruitnoticestarttime,jdbcType=TIMESTAMP}, #{recruitnoticeendtime,jdbcType=TIMESTAMP}, 
      #{recruitnoticereleasetime,jdbcType=TIMESTAMP}, #{associationsid,jdbcType=INTEGER}
      )
  </insert>
  <insert id="insertSelective" parameterType="com.zks.model.BeanRecruitNotice" >
    insert into recruitNotice
    <trim prefix="(" suffix=")" suffixOverrides="," >
      <if test="recruitnoticeid != null" >
        recruitNoticeId,
      </if>
      <if test="recruitnoticecontent != null" >
        recruitNoticeContent,
      </if>
      <if test="recruitnoticestarttime != null" >
        recruitNoticeStartTime,
      </if>
      <if test="recruitnoticeendtime != null" >
        recruitNoticeEndTime,
      </if>
      <if test="recruitnoticereleasetime != null" >
        recruitNoticeReleaseTime,
      </if>
      <if test="associationsid != null" >
        associationsId,
      </if>
    </trim>
    <trim prefix="values (" suffix=")" suffixOverrides="," >
      <if test="recruitnoticeid != null" >
        #{recruitnoticeid,jdbcType=INTEGER},
      </if>
      <if test="recruitnoticecontent != null" >
        #{recruitnoticecontent,jdbcType=VARCHAR},
      </if>
      <if test="recruitnoticestarttime != null" >
        #{recruitnoticestarttime,jdbcType=TIMESTAMP},
      </if>
      <if test="recruitnoticeendtime != null" >
        #{recruitnoticeendtime,jdbcType=TIMESTAMP},
      </if>
      <if test="recruitnoticereleasetime != null" >
        #{recruitnoticereleasetime,jdbcType=TIMESTAMP},
      </if>
      <if test="associationsid != null" >
        #{associationsid,jdbcType=INTEGER},
      </if>
    </trim>
  </insert>
  <update id="updateByPrimaryKeySelective" parameterType="com.zks.model.BeanRecruitNotice" >
    update recruitNotice
    <set >
      <if test="recruitnoticecontent != null" >
        recruitNoticeContent = #{recruitnoticecontent,jdbcType=VARCHAR},
      </if>
      <if test="recruitnoticestarttime != null" >
        recruitNoticeStartTime = #{recruitnoticestarttime,jdbcType=TIMESTAMP},
      </if>
      <if test="recruitnoticeendtime != null" >
        recruitNoticeEndTime = #{recruitnoticeendtime,jdbcType=TIMESTAMP},
      </if>
      <if test="recruitnoticereleasetime != null" >
        recruitNoticeReleaseTime = #{recruitnoticereleasetime,jdbcType=TIMESTAMP},
      </if>
      <if test="associationsid != null" >
        associationsId = #{associationsid,jdbcType=INTEGER},
      </if>
    </set>
    where recruitNoticeId = #{recruitnoticeid,jdbcType=INTEGER}
  </update>
  <update id="updateByPrimaryKey" parameterType="com.zks.model.BeanRecruitNotice" >
    update recruitNotice
    set recruitNoticeContent = #{recruitnoticecontent,jdbcType=VARCHAR},
      recruitNoticeStartTime = #{recruitnoticestarttime,jdbcType=TIMESTAMP},
      recruitNoticeEndTime = #{recruitnoticeendtime,jdbcType=TIMESTAMP},
      recruitNoticeReleaseTime = #{recruitnoticereleasetime,jdbcType=TIMESTAMP},
      associationsId = #{associationsid,jdbcType=INTEGER}
    where recruitNoticeId = #{recruitnoticeid,jdbcType=INTEGER}
  </update>
</mapper>