<?xml version="1.0" encoding="UTF-8" ?>
<!DOCTYPE configuration
        PUBLIC "-//mybatis.org//DTD Config 3.0//EN"
        "http://mybatis.org/dtd/mybatis-3-config.dtd">
<configuration>

    <!-- 引入外部配置文件 -->
    <!--<properties resource="jdbc.properties"/>-->
    <!--    <properties resource="./conf/jdbc.properties"/>-->
    <typeAliases>
        <typeAlias type="com.zks.model.BeanUser" alias="BeanUser"/>

    </typeAliases>


    <!-- 配置mybatis运行环境 -->
    <environments default="cybatis">
        <environment id="cybatis">
            <!-- type="JDBC" 代表使用JDBC的提交和回滚来管理事务 -->
            <transactionManager type="JDBC"/>

            <!-- mybatis提供了3种数据源类型，分别是：POOLED,UNPOOLED,JNDI -->
            <!-- POOLED 表示支持JDBC数据源连接池 -->
            <!-- UNPOOLED 表示不支持数据源连接池 -->
            <!-- JNDI 表示支持外部数据源连接池 -->
            <dataSource type="POOLED">
                <property name="driver" value="com.mysql.jdbc.Driver"/>
                <property name="url"
                          value="jdbc:mysql://127.0.0.1:3306/社团管理?useUnicode=true&amp;characterEncoding=UTF-8&amp;allowMultiQueries=true"/>
                <property name="username" value="root"/>
                <property name="password" value=""/>
            </dataSource>
        </environment>
    </environments>

    <mappers>
        <mapper resource="mapper/BeanUserMapper.xml"/>
        <mapper resource="mapper/BeanManagerMapper.xml"/>
        <mapper resource="mapper/BeanActivityMapper.xml"/>
        <mapper resource="mapper/BeanSubjectPostMapper.xml"/>
        <mapper resource="mapper/BeanAssociationsMapper.xml"/>
        <mapper resource="mapper/BeanDepartmentMapper.xml"/>
        <mapper resource="mapper/BeanNoticeMapper.xml"/>
        <mapper resource="mapper/BeanRecruitSignMapper.xml"/>
    </mappers>
</configuration>
